"","date","country","metric_name","metric_value"
"1","2003-01-01","austria","temporary_rate",NA
"2","2004-01-01","austria","temporary_rate",NA
"3","2005-01-01","austria","temporary_rate",NA
"4","2006-01-01","austria","temporary_rate",NA
"5","2007-01-01","austria","temporary_rate",NA
"6","2008-01-01","austria","temporary_rate",NA
"7","2009-01-01","austria","temporary_rate",24.7
"8","2010-01-01","austria","temporary_rate",25.3
"9","2011-01-01","austria","temporary_rate",25.3
"10","2012-01-01","austria","temporary_rate",26.1
"11","2013-01-01","austria","temporary_rate",26.9
"12","2014-01-01","austria","temporary_rate",27.9
"13","2015-01-01","austria","temporary_rate",28.3
"14","2016-01-01","austria","temporary_rate",28.8
"15","2017-01-01","austria","temporary_rate",28.9
"16","2018-01-01","austria","temporary_rate",28.3
"17","2019-01-01","austria","temporary_rate",28.2
"18","2020-01-01","austria","temporary_rate",28.1
"19","2021-01-01","austria","temporary_rate",28.7
"20","2022-01-01","austria","temporary_rate",29.7
"21","2023-01-01","austria","temporary_rate",30.1
"22","2003-01-01","belgium","temporary_rate",NA
"23","2004-01-01","belgium","temporary_rate",NA
"24","2005-01-01","belgium","temporary_rate",NA
"25","2006-01-01","belgium","temporary_rate",NA
"26","2007-01-01","belgium","temporary_rate",NA
"27","2008-01-01","belgium","temporary_rate",NA
"28","2009-01-01","belgium","temporary_rate",23.1
"29","2010-01-01","belgium","temporary_rate",23.6
"30","2011-01-01","belgium","temporary_rate",24.7
"31","2012-01-01","belgium","temporary_rate",24.7
"32","2013-01-01","belgium","temporary_rate",24.2
"33","2014-01-01","belgium","temporary_rate",23.6
"34","2015-01-01","belgium","temporary_rate",24.2
"35","2016-01-01","belgium","temporary_rate",24.6
"36","2017-01-01","belgium","temporary_rate",24.5
"37","2018-01-01","belgium","temporary_rate",24.5
"38","2019-01-01","belgium","temporary_rate",24.8
"39","2020-01-01","belgium","temporary_rate",24.4
"40","2021-01-01","belgium","temporary_rate",24.1
"41","2022-01-01","belgium","temporary_rate",23.8
"42","2023-01-01","belgium","temporary_rate",23.7
"43","2003-01-01","bosnia_and_herzegovina","temporary_rate",NA
"44","2004-01-01","bosnia_and_herzegovina","temporary_rate",NA
"45","2005-01-01","bosnia_and_herzegovina","temporary_rate",NA
"46","2006-01-01","bosnia_and_herzegovina","temporary_rate",NA
"47","2007-01-01","bosnia_and_herzegovina","temporary_rate",NA
"48","2008-01-01","bosnia_and_herzegovina","temporary_rate",NA
"49","2009-01-01","bosnia_and_herzegovina","temporary_rate",NA
"50","2010-01-01","bosnia_and_herzegovina","temporary_rate",NA
"51","2011-01-01","bosnia_and_herzegovina","temporary_rate",NA
"52","2012-01-01","bosnia_and_herzegovina","temporary_rate",NA
"53","2013-01-01","bosnia_and_herzegovina","temporary_rate",NA
"54","2014-01-01","bosnia_and_herzegovina","temporary_rate",NA
"55","2015-01-01","bosnia_and_herzegovina","temporary_rate",NA
"56","2016-01-01","bosnia_and_herzegovina","temporary_rate",NA
"57","2017-01-01","bosnia_and_herzegovina","temporary_rate",NA
"58","2018-01-01","bosnia_and_herzegovina","temporary_rate",NA
"59","2019-01-01","bosnia_and_herzegovina","temporary_rate",NA
"60","2020-01-01","bosnia_and_herzegovina","temporary_rate",NA
"61","2021-01-01","bosnia_and_herzegovina","temporary_rate",3.1
"62","2022-01-01","bosnia_and_herzegovina","temporary_rate",3
"63","2023-01-01","bosnia_and_herzegovina","temporary_rate",2.8
"64","2003-01-01","bulgaria","temporary_rate",NA
"65","2004-01-01","bulgaria","temporary_rate",NA
"66","2005-01-01","bulgaria","temporary_rate",NA
"67","2006-01-01","bulgaria","temporary_rate",NA
"68","2007-01-01","bulgaria","temporary_rate",NA
"69","2008-01-01","bulgaria","temporary_rate",NA
"70","2009-01-01","bulgaria","temporary_rate",2.1
"71","2010-01-01","bulgaria","temporary_rate",2.2
"72","2011-01-01","bulgaria","temporary_rate",2.2
"73","2012-01-01","bulgaria","temporary_rate",2.2
"74","2013-01-01","bulgaria","temporary_rate",2.5
"75","2014-01-01","bulgaria","temporary_rate",2.4
"76","2015-01-01","bulgaria","temporary_rate",2.2
"77","2016-01-01","bulgaria","temporary_rate",2
"78","2017-01-01","bulgaria","temporary_rate",2.2
"79","2018-01-01","bulgaria","temporary_rate",1.8
"80","2019-01-01","bulgaria","temporary_rate",1.9
"81","2020-01-01","bulgaria","temporary_rate",1.8
"82","2021-01-01","bulgaria","temporary_rate",1.5
"83","2022-01-01","bulgaria","temporary_rate",1.6
"84","2023-01-01","bulgaria","temporary_rate",1.4
"85","2003-01-01","croatia","temporary_rate",NA
"86","2004-01-01","croatia","temporary_rate",NA
"87","2005-01-01","croatia","temporary_rate",NA
"88","2006-01-01","croatia","temporary_rate",NA
"89","2007-01-01","croatia","temporary_rate",NA
"90","2008-01-01","croatia","temporary_rate",NA
"91","2009-01-01","croatia","temporary_rate",6.5
"92","2010-01-01","croatia","temporary_rate",7
"93","2011-01-01","croatia","temporary_rate",7.2
"94","2012-01-01","croatia","temporary_rate",5.6
"95","2013-01-01","croatia","temporary_rate",5.3
"96","2014-01-01","croatia","temporary_rate",5.4
"97","2015-01-01","croatia","temporary_rate",5.9
"98","2016-01-01","croatia","temporary_rate",5.7
"99","2017-01-01","croatia","temporary_rate",4.9
"100","2018-01-01","croatia","temporary_rate",5.2
"101","2019-01-01","croatia","temporary_rate",4.8
"102","2020-01-01","croatia","temporary_rate",4.5
"103","2021-01-01","croatia","temporary_rate",4.7
"104","2022-01-01","croatia","temporary_rate",4.7
"105","2023-01-01","croatia","temporary_rate",3.7
"106","2003-01-01","cyprus","temporary_rate",NA
"107","2004-01-01","cyprus","temporary_rate",NA
"108","2005-01-01","cyprus","temporary_rate",NA
"109","2006-01-01","cyprus","temporary_rate",NA
"110","2007-01-01","cyprus","temporary_rate",NA
"111","2008-01-01","cyprus","temporary_rate",NA
"112","2009-01-01","cyprus","temporary_rate",7.5
"113","2010-01-01","cyprus","temporary_rate",8.3
"114","2011-01-01","cyprus","temporary_rate",9
"115","2012-01-01","cyprus","temporary_rate",9.7
"116","2013-01-01","cyprus","temporary_rate",11.9
"117","2014-01-01","cyprus","temporary_rate",13.5
"118","2015-01-01","cyprus","temporary_rate",13
"119","2016-01-01","cyprus","temporary_rate",13.4
"120","2017-01-01","cyprus","temporary_rate",12.2
"121","2018-01-01","cyprus","temporary_rate",10.8
"122","2019-01-01","cyprus","temporary_rate",10.2
"123","2020-01-01","cyprus","temporary_rate",9.9
"124","2021-01-01","cyprus","temporary_rate",10.3
"125","2022-01-01","cyprus","temporary_rate",9.5
"126","2023-01-01","cyprus","temporary_rate",8.3
"127","2003-01-01","czechia","temporary_rate",NA
"128","2004-01-01","czechia","temporary_rate",NA
"129","2005-01-01","czechia","temporary_rate",NA
"130","2006-01-01","czechia","temporary_rate",NA
"131","2007-01-01","czechia","temporary_rate",NA
"132","2008-01-01","czechia","temporary_rate",NA
"133","2009-01-01","czechia","temporary_rate",4.8
"134","2010-01-01","czechia","temporary_rate",5.1
"135","2011-01-01","czechia","temporary_rate",4.7
"136","2012-01-01","czechia","temporary_rate",5
"137","2013-01-01","czechia","temporary_rate",5.8
"138","2014-01-01","czechia","temporary_rate",5.5
"139","2015-01-01","czechia","temporary_rate",5.3
"140","2016-01-01","czechia","temporary_rate",5.7
"141","2017-01-01","czechia","temporary_rate",6.2
"142","2018-01-01","czechia","temporary_rate",6.3
"143","2019-01-01","czechia","temporary_rate",6.3
"144","2020-01-01","czechia","temporary_rate",5.7
"145","2021-01-01","czechia","temporary_rate",5.7
"146","2022-01-01","czechia","temporary_rate",6
"147","2023-01-01","czechia","temporary_rate",6.9
"148","2003-01-01","denmark","temporary_rate",NA
"149","2004-01-01","denmark","temporary_rate",NA
"150","2005-01-01","denmark","temporary_rate",NA
"151","2006-01-01","denmark","temporary_rate",NA
"152","2007-01-01","denmark","temporary_rate",NA
"153","2008-01-01","denmark","temporary_rate",NA
"154","2009-01-01","denmark","temporary_rate",24.6
"155","2010-01-01","denmark","temporary_rate",24.8
"156","2011-01-01","denmark","temporary_rate",24.3
"157","2012-01-01","denmark","temporary_rate",24.1
"158","2013-01-01","denmark","temporary_rate",24
"159","2014-01-01","denmark","temporary_rate",23.9
"160","2015-01-01","denmark","temporary_rate",23.8
"161","2016-01-01","denmark","temporary_rate",25
"162","2017-01-01","denmark","temporary_rate",24.7
"163","2018-01-01","denmark","temporary_rate",23.9
"164","2019-01-01","denmark","temporary_rate",24.2
"165","2020-01-01","denmark","temporary_rate",23.4
"166","2021-01-01","denmark","temporary_rate",23.9
"167","2022-01-01","denmark","temporary_rate",24.2
"168","2023-01-01","denmark","temporary_rate",25.2
"169","2003-01-01","estonia","temporary_rate",NA
"170","2004-01-01","estonia","temporary_rate",NA
"171","2005-01-01","estonia","temporary_rate",NA
"172","2006-01-01","estonia","temporary_rate",NA
"173","2007-01-01","estonia","temporary_rate",NA
"174","2008-01-01","estonia","temporary_rate",NA
"175","2009-01-01","estonia","temporary_rate",9.4
"176","2010-01-01","estonia","temporary_rate",9.7
"177","2011-01-01","estonia","temporary_rate",9.3
"178","2012-01-01","estonia","temporary_rate",9.1
"179","2013-01-01","estonia","temporary_rate",8.8
"180","2014-01-01","estonia","temporary_rate",8.3
"181","2015-01-01","estonia","temporary_rate",9.3
"182","2016-01-01","estonia","temporary_rate",9.7
"183","2017-01-01","estonia","temporary_rate",9.5
"184","2018-01-01","estonia","temporary_rate",10.9
"185","2019-01-01","estonia","temporary_rate",11.2
"186","2020-01-01","estonia","temporary_rate",12.1
"187","2021-01-01","estonia","temporary_rate",12.2
"188","2022-01-01","estonia","temporary_rate",13.2
"189","2023-01-01","estonia","temporary_rate",13.5
"190","2003-01-01","euro_area_20_countries_from_2023","temporary_rate",NA
"191","2004-01-01","euro_area_20_countries_from_2023","temporary_rate",NA
"192","2005-01-01","euro_area_20_countries_from_2023","temporary_rate",NA
"193","2006-01-01","euro_area_20_countries_from_2023","temporary_rate",NA
"194","2007-01-01","euro_area_20_countries_from_2023","temporary_rate",NA
"195","2008-01-01","euro_area_20_countries_from_2023","temporary_rate",NA
"196","2009-01-01","euro_area_20_countries_from_2023","temporary_rate",20.3
"197","2010-01-01","euro_area_20_countries_from_2023","temporary_rate",20.8
"198","2011-01-01","euro_area_20_countries_from_2023","temporary_rate",21.3
"199","2012-01-01","euro_area_20_countries_from_2023","temporary_rate",21.9
"200","2013-01-01","euro_area_20_countries_from_2023","temporary_rate",22.7
"201","2014-01-01","euro_area_20_countries_from_2023","temporary_rate",22.8
"202","2015-01-01","euro_area_20_countries_from_2023","temporary_rate",22.9
"203","2016-01-01","euro_area_20_countries_from_2023","temporary_rate",22.9
"204","2017-01-01","euro_area_20_countries_from_2023","temporary_rate",22.8
"205","2018-01-01","euro_area_20_countries_from_2023","temporary_rate",22.6
"206","2019-01-01","euro_area_20_countries_from_2023","temporary_rate",22.7
"207","2020-01-01","euro_area_20_countries_from_2023","temporary_rate",20.8
"208","2021-01-01","euro_area_20_countries_from_2023","temporary_rate",20.7
"209","2022-01-01","euro_area_20_countries_from_2023","temporary_rate",20.5
"210","2023-01-01","euro_area_20_countries_from_2023","temporary_rate",20.6
"211","2003-01-01","finland","temporary_rate",NA
"212","2004-01-01","finland","temporary_rate",NA
"213","2005-01-01","finland","temporary_rate",NA
"214","2006-01-01","finland","temporary_rate",NA
"215","2007-01-01","finland","temporary_rate",NA
"216","2008-01-01","finland","temporary_rate",NA
"217","2009-01-01","finland","temporary_rate",14.1
"218","2010-01-01","finland","temporary_rate",14.6
"219","2011-01-01","finland","temporary_rate",14.8
"220","2012-01-01","finland","temporary_rate",14.9
"221","2013-01-01","finland","temporary_rate",14.8
"222","2014-01-01","finland","temporary_rate",14.9
"223","2015-01-01","finland","temporary_rate",14.9
"224","2016-01-01","finland","temporary_rate",15.8
"225","2017-01-01","finland","temporary_rate",15.9
"226","2018-01-01","finland","temporary_rate",16
"227","2019-01-01","finland","temporary_rate",16.4
"228","2020-01-01","finland","temporary_rate",15.6
"229","2021-01-01","finland","temporary_rate",16.9
"230","2022-01-01","finland","temporary_rate",16.9
"231","2023-01-01","finland","temporary_rate",16.8
"232","2003-01-01","france","temporary_rate",17.4
"233","2004-01-01","france","temporary_rate",17.6
"234","2005-01-01","france","temporary_rate",17.8
"235","2006-01-01","france","temporary_rate",17.8
"236","2007-01-01","france","temporary_rate",17.9
"237","2008-01-01","france","temporary_rate",17.6
"238","2009-01-01","france","temporary_rate",17.9
"239","2010-01-01","france","temporary_rate",18.3
"240","2011-01-01","france","temporary_rate",18.3
"241","2012-01-01","france","temporary_rate",18.4
"242","2013-01-01","france","temporary_rate",18.8
"243","2014-01-01","france","temporary_rate",19.2
"244","2015-01-01","france","temporary_rate",19
"245","2016-01-01","france","temporary_rate",18.9
"246","2017-01-01","france","temporary_rate",18.9
"247","2018-01-01","france","temporary_rate",18.6
"248","2019-01-01","france","temporary_rate",18.1
"249","2020-01-01","france","temporary_rate",17.6
"250","2021-01-01","france","temporary_rate",17.3
"251","2022-01-01","france","temporary_rate",16.5
"252","2023-01-01","france","temporary_rate",16.6
"253","2003-01-01","germany","temporary_rate",NA
"254","2004-01-01","germany","temporary_rate",NA
"255","2005-01-01","germany","temporary_rate",NA
"256","2006-01-01","germany","temporary_rate",NA
"257","2007-01-01","germany","temporary_rate",NA
"258","2008-01-01","germany","temporary_rate",NA
"259","2009-01-01","germany","temporary_rate",31.7
"260","2010-01-01","germany","temporary_rate",32
"261","2011-01-01","germany","temporary_rate",32.4
"262","2012-01-01","germany","temporary_rate",32.3
"263","2013-01-01","germany","temporary_rate",33.3
"264","2014-01-01","germany","temporary_rate",33.2
"265","2015-01-01","germany","temporary_rate",33.5
"266","2016-01-01","germany","temporary_rate",33.4
"267","2017-01-01","germany","temporary_rate",33.7
"268","2018-01-01","germany","temporary_rate",33.6
"269","2019-01-01","germany","temporary_rate",34.1
"270","2020-01-01","germany","temporary_rate",27.9
"271","2021-01-01","germany","temporary_rate",27.8
"272","2022-01-01","germany","temporary_rate",28
"273","2023-01-01","germany","temporary_rate",28.7
"274","2003-01-01","greece","temporary_rate",NA
"275","2004-01-01","greece","temporary_rate",NA
"276","2005-01-01","greece","temporary_rate",NA
"277","2006-01-01","greece","temporary_rate",NA
"278","2007-01-01","greece","temporary_rate",NA
"279","2008-01-01","greece","temporary_rate",NA
"280","2009-01-01","greece","temporary_rate",6
"281","2010-01-01","greece","temporary_rate",6.4
"282","2011-01-01","greece","temporary_rate",6.8
"283","2012-01-01","greece","temporary_rate",7.9
"284","2013-01-01","greece","temporary_rate",8.6
"285","2014-01-01","greece","temporary_rate",9.5
"286","2015-01-01","greece","temporary_rate",9.6
"287","2016-01-01","greece","temporary_rate",10
"288","2017-01-01","greece","temporary_rate",10
"289","2018-01-01","greece","temporary_rate",9.3
"290","2019-01-01","greece","temporary_rate",9.3
"291","2020-01-01","greece","temporary_rate",8.8
"292","2021-01-01","greece","temporary_rate",8.2
"293","2022-01-01","greece","temporary_rate",8
"294","2023-01-01","greece","temporary_rate",7.3
"295","2003-01-01","hungary","temporary_rate",NA
"296","2004-01-01","hungary","temporary_rate",NA
"297","2005-01-01","hungary","temporary_rate",NA
"298","2006-01-01","hungary","temporary_rate",NA
"299","2007-01-01","hungary","temporary_rate",NA
"300","2008-01-01","hungary","temporary_rate",NA
"301","2009-01-01","hungary","temporary_rate",5
"302","2010-01-01","hungary","temporary_rate",5.3
"303","2011-01-01","hungary","temporary_rate",6.2
"304","2012-01-01","hungary","temporary_rate",6.5
"305","2013-01-01","hungary","temporary_rate",6.2
"306","2014-01-01","hungary","temporary_rate",5.8
"307","2015-01-01","hungary","temporary_rate",5.5
"308","2016-01-01","hungary","temporary_rate",4.7
"309","2017-01-01","hungary","temporary_rate",4.2
"310","2018-01-01","hungary","temporary_rate",4.1
"311","2019-01-01","hungary","temporary_rate",4.2
"312","2020-01-01","hungary","temporary_rate",4.6
"313","2021-01-01","hungary","temporary_rate",4.6
"314","2022-01-01","hungary","temporary_rate",4.2
"315","2023-01-01","hungary","temporary_rate",4
"316","2003-01-01","iceland","temporary_rate",NA
"317","2004-01-01","iceland","temporary_rate",NA
"318","2005-01-01","iceland","temporary_rate",NA
"319","2006-01-01","iceland","temporary_rate",NA
"320","2007-01-01","iceland","temporary_rate",NA
"321","2008-01-01","iceland","temporary_rate",NA
"322","2009-01-01","iceland","temporary_rate",23
"323","2010-01-01","iceland","temporary_rate",22.4
"324","2011-01-01","iceland","temporary_rate",20.5
"325","2012-01-01","iceland","temporary_rate",20.7
"326","2013-01-01","iceland","temporary_rate",20.8
"327","2014-01-01","iceland","temporary_rate",22.9
"328","2015-01-01","iceland","temporary_rate",23.3
"329","2016-01-01","iceland","temporary_rate",24
"330","2017-01-01","iceland","temporary_rate",23.1
"331","2018-01-01","iceland","temporary_rate",21.5
"332","2019-01-01","iceland","temporary_rate",21.5
"333","2020-01-01","iceland","temporary_rate",22.8
"334","2021-01-01","iceland","temporary_rate",21.9
"335","2022-01-01","iceland","temporary_rate",22
"336","2023-01-01","iceland","temporary_rate",20.2
"337","2003-01-01","ireland","temporary_rate",NA
"338","2004-01-01","ireland","temporary_rate",NA
"339","2005-01-01","ireland","temporary_rate",NA
"340","2006-01-01","ireland","temporary_rate",NA
"341","2007-01-01","ireland","temporary_rate",NA
"342","2008-01-01","ireland","temporary_rate",NA
"343","2009-01-01","ireland","temporary_rate",21.3
"344","2010-01-01","ireland","temporary_rate",22.4
"345","2011-01-01","ireland","temporary_rate",23.3
"346","2012-01-01","ireland","temporary_rate",23.6
"347","2013-01-01","ireland","temporary_rate",23.7
"348","2014-01-01","ireland","temporary_rate",22.9
"349","2015-01-01","ireland","temporary_rate",22.2
"350","2016-01-01","ireland","temporary_rate",21.9
"351","2017-01-01","ireland","temporary_rate",20.1
"352","2018-01-01","ireland","temporary_rate",19.5
"353","2019-01-01","ireland","temporary_rate",19.6
"354","2020-01-01","ireland","temporary_rate",17.8
"355","2021-01-01","ireland","temporary_rate",19.7
"356","2022-01-01","ireland","temporary_rate",20
"357","2023-01-01","ireland","temporary_rate",20.3
"358","2003-01-01","italy","temporary_rate",NA
"359","2004-01-01","italy","temporary_rate",NA
"360","2005-01-01","italy","temporary_rate",NA
"361","2006-01-01","italy","temporary_rate",NA
"362","2007-01-01","italy","temporary_rate",NA
"363","2008-01-01","italy","temporary_rate",NA
"364","2009-01-01","italy","temporary_rate",14.2
"365","2010-01-01","italy","temporary_rate",14.9
"366","2011-01-01","italy","temporary_rate",15.3
"367","2012-01-01","italy","temporary_rate",16.9
"368","2013-01-01","italy","temporary_rate",17.8
"369","2014-01-01","italy","temporary_rate",18.3
"370","2015-01-01","italy","temporary_rate",18.4
"371","2016-01-01","italy","temporary_rate",18.7
"372","2017-01-01","italy","temporary_rate",18.7
"373","2018-01-01","italy","temporary_rate",18.5
"374","2019-01-01","italy","temporary_rate",18.9
"375","2020-01-01","italy","temporary_rate",18.3
"376","2021-01-01","italy","temporary_rate",18.2
"377","2022-01-01","italy","temporary_rate",17.9
"378","2023-01-01","italy","temporary_rate",17.6
"379","2003-01-01","latvia","temporary_rate",NA
"380","2004-01-01","latvia","temporary_rate",NA
"381","2005-01-01","latvia","temporary_rate",NA
"382","2006-01-01","latvia","temporary_rate",NA
"383","2007-01-01","latvia","temporary_rate",NA
"384","2008-01-01","latvia","temporary_rate",NA
"385","2009-01-01","latvia","temporary_rate",7
"386","2010-01-01","latvia","temporary_rate",7.9
"387","2011-01-01","latvia","temporary_rate",7.5
"388","2012-01-01","latvia","temporary_rate",7.6
"389","2013-01-01","latvia","temporary_rate",6.4
"390","2014-01-01","latvia","temporary_rate",5.8
"391","2015-01-01","latvia","temporary_rate",6.1
"392","2016-01-01","latvia","temporary_rate",7.2
"393","2017-01-01","latvia","temporary_rate",6.5
"394","2018-01-01","latvia","temporary_rate",6.1
"395","2019-01-01","latvia","temporary_rate",7.1
"396","2020-01-01","latvia","temporary_rate",7.6
"397","2021-01-01","latvia","temporary_rate",7.8
"398","2022-01-01","latvia","temporary_rate",6.6
"399","2023-01-01","latvia","temporary_rate",6.8
"400","2003-01-01","lithuania","temporary_rate",NA
"401","2004-01-01","lithuania","temporary_rate",NA
"402","2005-01-01","lithuania","temporary_rate",NA
"403","2006-01-01","lithuania","temporary_rate",NA
"404","2007-01-01","lithuania","temporary_rate",NA
"405","2008-01-01","lithuania","temporary_rate",NA
"406","2009-01-01","lithuania","temporary_rate",7.9
"407","2010-01-01","lithuania","temporary_rate",7.8
"408","2011-01-01","lithuania","temporary_rate",8.3
"409","2012-01-01","lithuania","temporary_rate",8.9
"410","2013-01-01","lithuania","temporary_rate",8.4
"411","2014-01-01","lithuania","temporary_rate",8.6
"412","2015-01-01","lithuania","temporary_rate",7.6
"413","2016-01-01","lithuania","temporary_rate",7.1
"414","2017-01-01","lithuania","temporary_rate",7.6
"415","2018-01-01","lithuania","temporary_rate",7.1
"416","2019-01-01","lithuania","temporary_rate",6.4
"417","2020-01-01","lithuania","temporary_rate",6.1
"418","2021-01-01","lithuania","temporary_rate",6
"419","2022-01-01","lithuania","temporary_rate",5.7
"420","2023-01-01","lithuania","temporary_rate",5.9
"421","2003-01-01","luxembourg","temporary_rate",NA
"422","2004-01-01","luxembourg","temporary_rate",NA
"423","2005-01-01","luxembourg","temporary_rate",NA
"424","2006-01-01","luxembourg","temporary_rate",NA
"425","2007-01-01","luxembourg","temporary_rate",NA
"426","2008-01-01","luxembourg","temporary_rate",NA
"427","2009-01-01","luxembourg","temporary_rate",17.6
"428","2010-01-01","luxembourg","temporary_rate",17.4
"429","2011-01-01","luxembourg","temporary_rate",18
"430","2012-01-01","luxembourg","temporary_rate",18.5
"431","2013-01-01","luxembourg","temporary_rate",18.7
"432","2014-01-01","luxembourg","temporary_rate",18.4
"433","2015-01-01","luxembourg","temporary_rate",18.4
"434","2016-01-01","luxembourg","temporary_rate",19.2
"435","2017-01-01","luxembourg","temporary_rate",19.5
"436","2018-01-01","luxembourg","temporary_rate",17.7
"437","2019-01-01","luxembourg","temporary_rate",16.9
"438","2020-01-01","luxembourg","temporary_rate",18
"439","2021-01-01","luxembourg","temporary_rate",18
"440","2022-01-01","luxembourg","temporary_rate",18.2
"441","2023-01-01","luxembourg","temporary_rate",18.2
"442","2003-01-01","malta","temporary_rate",NA
"443","2004-01-01","malta","temporary_rate",NA
"444","2005-01-01","malta","temporary_rate",NA
"445","2006-01-01","malta","temporary_rate",NA
"446","2007-01-01","malta","temporary_rate",NA
"447","2008-01-01","malta","temporary_rate",NA
"448","2009-01-01","malta","temporary_rate",11
"449","2010-01-01","malta","temporary_rate",11.6
"450","2011-01-01","malta","temporary_rate",12.6
"451","2012-01-01","malta","temporary_rate",13.2
"452","2013-01-01","malta","temporary_rate",14
"453","2014-01-01","malta","temporary_rate",15.3
"454","2015-01-01","malta","temporary_rate",14.3
"455","2016-01-01","malta","temporary_rate",13.9
"456","2017-01-01","malta","temporary_rate",13.7
"457","2018-01-01","malta","temporary_rate",13.1
"458","2019-01-01","malta","temporary_rate",12.1
"459","2020-01-01","malta","temporary_rate",11.1
"460","2021-01-01","malta","temporary_rate",10.7
"461","2022-01-01","malta","temporary_rate",10.8
"462","2023-01-01","malta","temporary_rate",10.6
"463","2003-01-01","montenegro","temporary_rate",NA
"464","2004-01-01","montenegro","temporary_rate",NA
"465","2005-01-01","montenegro","temporary_rate",NA
"466","2006-01-01","montenegro","temporary_rate",NA
"467","2007-01-01","montenegro","temporary_rate",NA
"468","2008-01-01","montenegro","temporary_rate",NA
"469","2009-01-01","montenegro","temporary_rate",NA
"470","2010-01-01","montenegro","temporary_rate",NA
"471","2011-01-01","montenegro","temporary_rate",4.2
"472","2012-01-01","montenegro","temporary_rate",4.2
"473","2013-01-01","montenegro","temporary_rate",3.1
"474","2014-01-01","montenegro","temporary_rate",5.8
"475","2015-01-01","montenegro","temporary_rate",5.8
"476","2016-01-01","montenegro","temporary_rate",4.5
"477","2017-01-01","montenegro","temporary_rate",5.4
"478","2018-01-01","montenegro","temporary_rate",4.8
"479","2019-01-01","montenegro","temporary_rate",4.5
"480","2020-01-01","montenegro","temporary_rate",3.7
"481","2021-01-01","montenegro","temporary_rate",NA
"482","2022-01-01","montenegro","temporary_rate",NA
"483","2023-01-01","montenegro","temporary_rate",NA
"484","2003-01-01","netherlands","temporary_rate",NA
"485","2004-01-01","netherlands","temporary_rate",NA
"486","2005-01-01","netherlands","temporary_rate",NA
"487","2006-01-01","netherlands","temporary_rate",NA
"488","2007-01-01","netherlands","temporary_rate",NA
"489","2008-01-01","netherlands","temporary_rate",NA
"490","2009-01-01","netherlands","temporary_rate",37.4
"491","2010-01-01","netherlands","temporary_rate",38.4
"492","2011-01-01","netherlands","temporary_rate",38.6
"493","2012-01-01","netherlands","temporary_rate",39.3
"494","2013-01-01","netherlands","temporary_rate",40
"495","2014-01-01","netherlands","temporary_rate",39.7
"496","2015-01-01","netherlands","temporary_rate",40.2
"497","2016-01-01","netherlands","temporary_rate",40
"498","2017-01-01","netherlands","temporary_rate",40.4
"499","2018-01-01","netherlands","temporary_rate",40.8
"500","2019-01-01","netherlands","temporary_rate",41.1
"501","2020-01-01","netherlands","temporary_rate",41.6
"502","2021-01-01","netherlands","temporary_rate",42.2
"503","2022-01-01","netherlands","temporary_rate",42.2
"504","2023-01-01","netherlands","temporary_rate",42.4
"505","2003-01-01","north_macedonia","temporary_rate",NA
"506","2004-01-01","north_macedonia","temporary_rate",NA
"507","2005-01-01","north_macedonia","temporary_rate",NA
"508","2006-01-01","north_macedonia","temporary_rate",NA
"509","2007-01-01","north_macedonia","temporary_rate",NA
"510","2008-01-01","north_macedonia","temporary_rate",NA
"511","2009-01-01","north_macedonia","temporary_rate",5.3
"512","2010-01-01","north_macedonia","temporary_rate",5.6
"513","2011-01-01","north_macedonia","temporary_rate",6
"514","2012-01-01","north_macedonia","temporary_rate",6.1
"515","2013-01-01","north_macedonia","temporary_rate",4.4
"516","2014-01-01","north_macedonia","temporary_rate",5.8
"517","2015-01-01","north_macedonia","temporary_rate",4.2
"518","2016-01-01","north_macedonia","temporary_rate",4.7
"519","2017-01-01","north_macedonia","temporary_rate",4.1
"520","2018-01-01","north_macedonia","temporary_rate",3.4
"521","2019-01-01","north_macedonia","temporary_rate",4.1
"522","2020-01-01","north_macedonia","temporary_rate",3.7
"523","2021-01-01","north_macedonia","temporary_rate",NA
"524","2022-01-01","north_macedonia","temporary_rate",NA
"525","2023-01-01","north_macedonia","temporary_rate",NA
"526","2003-01-01","norway","temporary_rate",NA
"527","2004-01-01","norway","temporary_rate",NA
"528","2005-01-01","norway","temporary_rate",NA
"529","2006-01-01","norway","temporary_rate",NA
"530","2007-01-01","norway","temporary_rate",NA
"531","2008-01-01","norway","temporary_rate",NA
"532","2009-01-01","norway","temporary_rate",27.2
"533","2010-01-01","norway","temporary_rate",27.1
"534","2011-01-01","norway","temporary_rate",26.7
"535","2012-01-01","norway","temporary_rate",26.6
"536","2013-01-01","norway","temporary_rate",26.4
"537","2014-01-01","norway","temporary_rate",25.1
"538","2015-01-01","norway","temporary_rate",25.5
"539","2016-01-01","norway","temporary_rate",25.4
"540","2017-01-01","norway","temporary_rate",24.9
"541","2018-01-01","norway","temporary_rate",25.2
"542","2019-01-01","norway","temporary_rate",25.3
"543","2020-01-01","norway","temporary_rate",24.7
"544","2021-01-01","norway","temporary_rate",24.8
"545","2022-01-01","norway","temporary_rate",24.4
"546","2023-01-01","norway","temporary_rate",24.2
"547","2003-01-01","poland","temporary_rate",NA
"548","2004-01-01","poland","temporary_rate",NA
"549","2005-01-01","poland","temporary_rate",NA
"550","2006-01-01","poland","temporary_rate",NA
"551","2007-01-01","poland","temporary_rate",NA
"552","2008-01-01","poland","temporary_rate",NA
"553","2009-01-01","poland","temporary_rate",7.7
"554","2010-01-01","poland","temporary_rate",7.7
"555","2011-01-01","poland","temporary_rate",7.3
"556","2012-01-01","poland","temporary_rate",7.2
"557","2013-01-01","poland","temporary_rate",7.1
"558","2014-01-01","poland","temporary_rate",7.1
"559","2015-01-01","poland","temporary_rate",6.8
"560","2016-01-01","poland","temporary_rate",6.4
"561","2017-01-01","poland","temporary_rate",6.6
"562","2018-01-01","poland","temporary_rate",6.5
"563","2019-01-01","poland","temporary_rate",6.2
"564","2020-01-01","poland","temporary_rate",5.9
"565","2021-01-01","poland","temporary_rate",5.3
"566","2022-01-01","poland","temporary_rate",5.4
"567","2023-01-01","poland","temporary_rate",5.7
"568","2003-01-01","portugal","temporary_rate",NA
"569","2004-01-01","portugal","temporary_rate",NA
"570","2005-01-01","portugal","temporary_rate",NA
"571","2006-01-01","portugal","temporary_rate",NA
"572","2007-01-01","portugal","temporary_rate",NA
"573","2008-01-01","portugal","temporary_rate",NA
"574","2009-01-01","portugal","temporary_rate",8.5
"575","2010-01-01","portugal","temporary_rate",8.4
"576","2011-01-01","portugal","temporary_rate",8.4
"577","2012-01-01","portugal","temporary_rate",9.2
"578","2013-01-01","portugal","temporary_rate",9.4
"579","2014-01-01","portugal","temporary_rate",8.7
"580","2015-01-01","portugal","temporary_rate",8.8
"581","2016-01-01","portugal","temporary_rate",8.6
"582","2017-01-01","portugal","temporary_rate",8.1
"583","2018-01-01","portugal","temporary_rate",7.6
"584","2019-01-01","portugal","temporary_rate",7.7
"585","2020-01-01","portugal","temporary_rate",7.2
"586","2021-01-01","portugal","temporary_rate",6.9
"587","2022-01-01","portugal","temporary_rate",6.8
"588","2023-01-01","portugal","temporary_rate",7.3
"589","2003-01-01","romania","temporary_rate",NA
"590","2004-01-01","romania","temporary_rate",NA
"591","2005-01-01","romania","temporary_rate",NA
"592","2006-01-01","romania","temporary_rate",NA
"593","2007-01-01","romania","temporary_rate",NA
"594","2008-01-01","romania","temporary_rate",NA
"595","2009-01-01","romania","temporary_rate",5.7
"596","2010-01-01","romania","temporary_rate",6.4
"597","2011-01-01","romania","temporary_rate",6.2
"598","2012-01-01","romania","temporary_rate",6
"599","2013-01-01","romania","temporary_rate",5.9
"600","2014-01-01","romania","temporary_rate",5.7
"601","2015-01-01","romania","temporary_rate",5.7
"602","2016-01-01","romania","temporary_rate",4.8
"603","2017-01-01","romania","temporary_rate",4.3
"604","2018-01-01","romania","temporary_rate",4.1
"605","2019-01-01","romania","temporary_rate",3.8
"606","2020-01-01","romania","temporary_rate",3.7
"607","2021-01-01","romania","temporary_rate",3.7
"608","2022-01-01","romania","temporary_rate",3.3
"609","2023-01-01","romania","temporary_rate",3.4
"610","2003-01-01","serbia","temporary_rate",NA
"611","2004-01-01","serbia","temporary_rate",NA
"612","2005-01-01","serbia","temporary_rate",NA
"613","2006-01-01","serbia","temporary_rate",NA
"614","2007-01-01","serbia","temporary_rate",NA
"615","2008-01-01","serbia","temporary_rate",NA
"616","2009-01-01","serbia","temporary_rate",NA
"617","2010-01-01","serbia","temporary_rate",NA
"618","2011-01-01","serbia","temporary_rate",6.7
"619","2012-01-01","serbia","temporary_rate",6.6
"620","2013-01-01","serbia","temporary_rate",7.5
"621","2014-01-01","serbia","temporary_rate",8.1
"622","2015-01-01","serbia","temporary_rate",7.9
"623","2016-01-01","serbia","temporary_rate",8.4
"624","2017-01-01","serbia","temporary_rate",8
"625","2018-01-01","serbia","temporary_rate",7
"626","2019-01-01","serbia","temporary_rate",7.3
"627","2020-01-01","serbia","temporary_rate",6.8
"628","2021-01-01","serbia","temporary_rate",6.6
"629","2022-01-01","serbia","temporary_rate",5.8
"630","2023-01-01","serbia","temporary_rate",5.9
"631","2003-01-01","slovakia","temporary_rate",NA
"632","2004-01-01","slovakia","temporary_rate",NA
"633","2005-01-01","slovakia","temporary_rate",NA
"634","2006-01-01","slovakia","temporary_rate",NA
"635","2007-01-01","slovakia","temporary_rate",NA
"636","2008-01-01","slovakia","temporary_rate",NA
"637","2009-01-01","slovakia","temporary_rate",2.4
"638","2010-01-01","slovakia","temporary_rate",2.7
"639","2011-01-01","slovakia","temporary_rate",2.8
"640","2012-01-01","slovakia","temporary_rate",2.8
"641","2013-01-01","slovakia","temporary_rate",3.2
"642","2014-01-01","slovakia","temporary_rate",3.6
"643","2015-01-01","slovakia","temporary_rate",4.1
"644","2016-01-01","slovakia","temporary_rate",4.1
"645","2017-01-01","slovakia","temporary_rate",4.2
"646","2018-01-01","slovakia","temporary_rate",3.5
"647","2019-01-01","slovakia","temporary_rate",3.2
"648","2020-01-01","slovakia","temporary_rate",3.2
"649","2021-01-01","slovakia","temporary_rate",3.1
"650","2022-01-01","slovakia","temporary_rate",3.1
"651","2023-01-01","slovakia","temporary_rate",3.3
"652","2003-01-01","slovenia","temporary_rate",NA
"653","2004-01-01","slovenia","temporary_rate",NA
"654","2005-01-01","slovenia","temporary_rate",NA
"655","2006-01-01","slovenia","temporary_rate",NA
"656","2007-01-01","slovenia","temporary_rate",NA
"657","2008-01-01","slovenia","temporary_rate",NA
"658","2009-01-01","slovenia","temporary_rate",10.5
"659","2010-01-01","slovenia","temporary_rate",11.3
"660","2011-01-01","slovenia","temporary_rate",10.4
"661","2012-01-01","slovenia","temporary_rate",10
"662","2013-01-01","slovenia","temporary_rate",10.2
"663","2014-01-01","slovenia","temporary_rate",11
"664","2015-01-01","slovenia","temporary_rate",11.1
"665","2016-01-01","slovenia","temporary_rate",10.2
"666","2017-01-01","slovenia","temporary_rate",11.3
"667","2018-01-01","slovenia","temporary_rate",10.7
"668","2019-01-01","slovenia","temporary_rate",9.3
"669","2020-01-01","slovenia","temporary_rate",9.1
"670","2021-01-01","slovenia","temporary_rate",9.2
"671","2022-01-01","slovenia","temporary_rate",8.7
"672","2023-01-01","slovenia","temporary_rate",8.5
"673","2003-01-01","spain","temporary_rate",NA
"674","2004-01-01","spain","temporary_rate",NA
"675","2005-01-01","spain","temporary_rate",NA
"676","2006-01-01","spain","temporary_rate",NA
"677","2007-01-01","spain","temporary_rate",NA
"678","2008-01-01","spain","temporary_rate",NA
"679","2009-01-01","spain","temporary_rate",12.4
"680","2010-01-01","spain","temporary_rate",12.9
"681","2011-01-01","spain","temporary_rate",13.5
"682","2012-01-01","spain","temporary_rate",14.4
"683","2013-01-01","spain","temporary_rate",15.7
"684","2014-01-01","spain","temporary_rate",15.8
"685","2015-01-01","spain","temporary_rate",15.6
"686","2016-01-01","spain","temporary_rate",15.1
"687","2017-01-01","spain","temporary_rate",14.9
"688","2018-01-01","spain","temporary_rate",14.5
"689","2019-01-01","spain","temporary_rate",14.5
"690","2020-01-01","spain","temporary_rate",13.9
"691","2021-01-01","spain","temporary_rate",13.7
"692","2022-01-01","spain","temporary_rate",13.4
"693","2023-01-01","spain","temporary_rate",13.1
"694","2003-01-01","sweden","temporary_rate",NA
"695","2004-01-01","sweden","temporary_rate",NA
"696","2005-01-01","sweden","temporary_rate",NA
"697","2006-01-01","sweden","temporary_rate",NA
"698","2007-01-01","sweden","temporary_rate",NA
"699","2008-01-01","sweden","temporary_rate",25.5
"700","2009-01-01","sweden","temporary_rate",25.7
"701","2010-01-01","sweden","temporary_rate",25.6
"702","2011-01-01","sweden","temporary_rate",25
"703","2012-01-01","sweden","temporary_rate",24.8
"704","2013-01-01","sweden","temporary_rate",24.5
"705","2014-01-01","sweden","temporary_rate",24.4
"706","2015-01-01","sweden","temporary_rate",24.1
"707","2016-01-01","sweden","temporary_rate",23.6
"708","2017-01-01","sweden","temporary_rate",23
"709","2018-01-01","sweden","temporary_rate",22.4
"710","2019-01-01","sweden","temporary_rate",22.3
"711","2020-01-01","sweden","temporary_rate",22.1
"712","2021-01-01","sweden","temporary_rate",20.4
"713","2022-01-01","sweden","temporary_rate",20.3
"714","2023-01-01","sweden","temporary_rate",19.9
"715","2003-01-01","switzerland","temporary_rate",NA
"716","2004-01-01","switzerland","temporary_rate",NA
"717","2005-01-01","switzerland","temporary_rate",NA
"718","2006-01-01","switzerland","temporary_rate",NA
"719","2007-01-01","switzerland","temporary_rate",NA
"720","2008-01-01","switzerland","temporary_rate",NA
"721","2009-01-01","switzerland","temporary_rate",NA
"722","2010-01-01","switzerland","temporary_rate",34
"723","2011-01-01","switzerland","temporary_rate",34
"724","2012-01-01","switzerland","temporary_rate",34.7
"725","2013-01-01","switzerland","temporary_rate",35.1
"726","2014-01-01","switzerland","temporary_rate",36.4
"727","2015-01-01","switzerland","temporary_rate",36.5
"728","2016-01-01","switzerland","temporary_rate",36.9
"729","2017-01-01","switzerland","temporary_rate",37
"730","2018-01-01","switzerland","temporary_rate",37.4
"731","2019-01-01","switzerland","temporary_rate",38
"732","2020-01-01","switzerland","temporary_rate",38.2
"733","2021-01-01","switzerland","temporary_rate",37.9
"734","2022-01-01","switzerland","temporary_rate",37.6
"735","2023-01-01","switzerland","temporary_rate",38
"736","2003-01-01","turkiye","temporary_rate",NA
"737","2004-01-01","turkiye","temporary_rate",NA
"738","2005-01-01","turkiye","temporary_rate",NA
"739","2006-01-01","turkiye","temporary_rate",NA
"740","2007-01-01","turkiye","temporary_rate",NA
"741","2008-01-01","turkiye","temporary_rate",NA
"742","2009-01-01","turkiye","temporary_rate",10.6
"743","2010-01-01","turkiye","temporary_rate",11.1
"744","2011-01-01","turkiye","temporary_rate",11.3
"745","2012-01-01","turkiye","temporary_rate",11.5
"746","2013-01-01","turkiye","temporary_rate",11.9
"747","2014-01-01","turkiye","temporary_rate",11.1
"748","2015-01-01","turkiye","temporary_rate",10.3
"749","2016-01-01","turkiye","temporary_rate",9.9
"750","2017-01-01","turkiye","temporary_rate",10
"751","2018-01-01","turkiye","temporary_rate",10.4
"752","2019-01-01","turkiye","temporary_rate",9.9
"753","2020-01-01","turkiye","temporary_rate",11.8
"754","2021-01-01","turkiye","temporary_rate",9.5
"755","2022-01-01","turkiye","temporary_rate",9.2
"756","2023-01-01","turkiye","temporary_rate",9.6
"757","2003-01-01","austria","unemp_rate",NA
"758","2004-01-01","austria","unemp_rate",NA
"759","2005-01-01","austria","unemp_rate",NA
"760","2006-01-01","austria","unemp_rate",NA
"761","2007-01-01","austria","unemp_rate",NA
"762","2008-01-01","austria","unemp_rate",NA
"763","2009-01-01","austria","unemp_rate",5.7
"764","2010-01-01","austria","unemp_rate",5.2
"765","2011-01-01","austria","unemp_rate",4.9
"766","2012-01-01","austria","unemp_rate",5.2
"767","2013-01-01","austria","unemp_rate",5.7
"768","2014-01-01","austria","unemp_rate",6
"769","2015-01-01","austria","unemp_rate",6.1
"770","2016-01-01","austria","unemp_rate",6.5
"771","2017-01-01","austria","unemp_rate",5.9
"772","2018-01-01","austria","unemp_rate",5.2
"773","2019-01-01","austria","unemp_rate",4.8
"774","2020-01-01","austria","unemp_rate",6
"775","2021-01-01","austria","unemp_rate",6.2
"776","2022-01-01","austria","unemp_rate",4.8
"777","2023-01-01","austria","unemp_rate",5.1
"778","2003-01-01","belgium","unemp_rate",NA
"779","2004-01-01","belgium","unemp_rate",NA
"780","2005-01-01","belgium","unemp_rate",NA
"781","2006-01-01","belgium","unemp_rate",NA
"782","2007-01-01","belgium","unemp_rate",NA
"783","2008-01-01","belgium","unemp_rate",NA
"784","2009-01-01","belgium","unemp_rate",8
"785","2010-01-01","belgium","unemp_rate",8.4
"786","2011-01-01","belgium","unemp_rate",7.2
"787","2012-01-01","belgium","unemp_rate",7.6
"788","2013-01-01","belgium","unemp_rate",8.6
"789","2014-01-01","belgium","unemp_rate",8.7
"790","2015-01-01","belgium","unemp_rate",8.7
"791","2016-01-01","belgium","unemp_rate",7.9
"792","2017-01-01","belgium","unemp_rate",7.2
"793","2018-01-01","belgium","unemp_rate",6
"794","2019-01-01","belgium","unemp_rate",5.5
"795","2020-01-01","belgium","unemp_rate",5.8
"796","2021-01-01","belgium","unemp_rate",6.3
"797","2022-01-01","belgium","unemp_rate",5.6
"798","2023-01-01","belgium","unemp_rate",5.5
"799","2003-01-01","bosnia_and_herzegovina","unemp_rate",NA
"800","2004-01-01","bosnia_and_herzegovina","unemp_rate",NA
"801","2005-01-01","bosnia_and_herzegovina","unemp_rate",NA
"802","2006-01-01","bosnia_and_herzegovina","unemp_rate",NA
"803","2007-01-01","bosnia_and_herzegovina","unemp_rate",NA
"804","2008-01-01","bosnia_and_herzegovina","unemp_rate",NA
"805","2009-01-01","bosnia_and_herzegovina","unemp_rate",NA
"806","2010-01-01","bosnia_and_herzegovina","unemp_rate",NA
"807","2011-01-01","bosnia_and_herzegovina","unemp_rate",NA
"808","2012-01-01","bosnia_and_herzegovina","unemp_rate",NA
"809","2013-01-01","bosnia_and_herzegovina","unemp_rate",NA
"810","2014-01-01","bosnia_and_herzegovina","unemp_rate",NA
"811","2015-01-01","bosnia_and_herzegovina","unemp_rate",NA
"812","2016-01-01","bosnia_and_herzegovina","unemp_rate",NA
"813","2017-01-01","bosnia_and_herzegovina","unemp_rate",NA
"814","2018-01-01","bosnia_and_herzegovina","unemp_rate",NA
"815","2019-01-01","bosnia_and_herzegovina","unemp_rate",NA
"816","2020-01-01","bosnia_and_herzegovina","unemp_rate",NA
"817","2021-01-01","bosnia_and_herzegovina","unemp_rate",17.4
"818","2022-01-01","bosnia_and_herzegovina","unemp_rate",15.4
"819","2023-01-01","bosnia_and_herzegovina","unemp_rate",13.2
"820","2003-01-01","bulgaria","unemp_rate",NA
"821","2004-01-01","bulgaria","unemp_rate",NA
"822","2005-01-01","bulgaria","unemp_rate",NA
"823","2006-01-01","bulgaria","unemp_rate",NA
"824","2007-01-01","bulgaria","unemp_rate",NA
"825","2008-01-01","bulgaria","unemp_rate",NA
"826","2009-01-01","bulgaria","unemp_rate",7.9
"827","2010-01-01","bulgaria","unemp_rate",11.3
"828","2011-01-01","bulgaria","unemp_rate",12.3
"829","2012-01-01","bulgaria","unemp_rate",13.3
"830","2013-01-01","bulgaria","unemp_rate",13.9
"831","2014-01-01","bulgaria","unemp_rate",12.4
"832","2015-01-01","bulgaria","unemp_rate",10.1
"833","2016-01-01","bulgaria","unemp_rate",8.6
"834","2017-01-01","bulgaria","unemp_rate",7.2
"835","2018-01-01","bulgaria","unemp_rate",6.2
"836","2019-01-01","bulgaria","unemp_rate",5.2
"837","2020-01-01","bulgaria","unemp_rate",6.1
"838","2021-01-01","bulgaria","unemp_rate",5.2
"839","2022-01-01","bulgaria","unemp_rate",4.2
"840","2023-01-01","bulgaria","unemp_rate",4.3
"841","2003-01-01","croatia","unemp_rate",NA
"842","2004-01-01","croatia","unemp_rate",NA
"843","2005-01-01","croatia","unemp_rate",NA
"844","2006-01-01","croatia","unemp_rate",NA
"845","2007-01-01","croatia","unemp_rate",NA
"846","2008-01-01","croatia","unemp_rate",NA
"847","2009-01-01","croatia","unemp_rate",9.2
"848","2010-01-01","croatia","unemp_rate",11.7
"849","2011-01-01","croatia","unemp_rate",13.7
"850","2012-01-01","croatia","unemp_rate",16.1
"851","2013-01-01","croatia","unemp_rate",17.3
"852","2014-01-01","croatia","unemp_rate",17.3
"853","2015-01-01","croatia","unemp_rate",16.2
"854","2016-01-01","croatia","unemp_rate",13
"855","2017-01-01","croatia","unemp_rate",11.1
"856","2018-01-01","croatia","unemp_rate",8.3
"857","2019-01-01","croatia","unemp_rate",6.6
"858","2020-01-01","croatia","unemp_rate",7.4
"859","2021-01-01","croatia","unemp_rate",7.5
"860","2022-01-01","croatia","unemp_rate",6.8
"861","2023-01-01","croatia","unemp_rate",6.1
"862","2003-01-01","cyprus","unemp_rate",NA
"863","2004-01-01","cyprus","unemp_rate",NA
"864","2005-01-01","cyprus","unemp_rate",NA
"865","2006-01-01","cyprus","unemp_rate",NA
"866","2007-01-01","cyprus","unemp_rate",NA
"867","2008-01-01","cyprus","unemp_rate",NA
"868","2009-01-01","cyprus","unemp_rate",5.4
"869","2010-01-01","cyprus","unemp_rate",6.3
"870","2011-01-01","cyprus","unemp_rate",7.9
"871","2012-01-01","cyprus","unemp_rate",11.9
"872","2013-01-01","cyprus","unemp_rate",15.9
"873","2014-01-01","cyprus","unemp_rate",16.1
"874","2015-01-01","cyprus","unemp_rate",15
"875","2016-01-01","cyprus","unemp_rate",13
"876","2017-01-01","cyprus","unemp_rate",11.1
"877","2018-01-01","cyprus","unemp_rate",8.4
"878","2019-01-01","cyprus","unemp_rate",7.2
"879","2020-01-01","cyprus","unemp_rate",7.6
"880","2021-01-01","cyprus","unemp_rate",7.2
"881","2022-01-01","cyprus","unemp_rate",6.3
"882","2023-01-01","cyprus","unemp_rate",5.8
"883","2003-01-01","czechia","unemp_rate",NA
"884","2004-01-01","czechia","unemp_rate",NA
"885","2005-01-01","czechia","unemp_rate",NA
"886","2006-01-01","czechia","unemp_rate",NA
"887","2007-01-01","czechia","unemp_rate",NA
"888","2008-01-01","czechia","unemp_rate",NA
"889","2009-01-01","czechia","unemp_rate",6.7
"890","2010-01-01","czechia","unemp_rate",7.3
"891","2011-01-01","czechia","unemp_rate",6.7
"892","2012-01-01","czechia","unemp_rate",7
"893","2013-01-01","czechia","unemp_rate",7
"894","2014-01-01","czechia","unemp_rate",6.1
"895","2015-01-01","czechia","unemp_rate",5.1
"896","2016-01-01","czechia","unemp_rate",4
"897","2017-01-01","czechia","unemp_rate",2.9
"898","2018-01-01","czechia","unemp_rate",2.2
"899","2019-01-01","czechia","unemp_rate",2
"900","2020-01-01","czechia","unemp_rate",2.6
"901","2021-01-01","czechia","unemp_rate",2.8
"902","2022-01-01","czechia","unemp_rate",2.2
"903","2023-01-01","czechia","unemp_rate",2.6
"904","2003-01-01","denmark","unemp_rate",NA
"905","2004-01-01","denmark","unemp_rate",NA
"906","2005-01-01","denmark","unemp_rate",NA
"907","2006-01-01","denmark","unemp_rate",NA
"908","2007-01-01","denmark","unemp_rate",NA
"909","2008-01-01","denmark","unemp_rate",NA
"910","2009-01-01","denmark","unemp_rate",6.4
"911","2010-01-01","denmark","unemp_rate",7.7
"912","2011-01-01","denmark","unemp_rate",7.8
"913","2012-01-01","denmark","unemp_rate",7.8
"914","2013-01-01","denmark","unemp_rate",7.4
"915","2014-01-01","denmark","unemp_rate",6.9
"916","2015-01-01","denmark","unemp_rate",6.3
"917","2016-01-01","denmark","unemp_rate",6
"918","2017-01-01","denmark","unemp_rate",5.8
"919","2018-01-01","denmark","unemp_rate",5.1
"920","2019-01-01","denmark","unemp_rate",5
"921","2020-01-01","denmark","unemp_rate",5.6
"922","2021-01-01","denmark","unemp_rate",5.1
"923","2022-01-01","denmark","unemp_rate",4.5
"924","2023-01-01","denmark","unemp_rate",5.1
"925","2003-01-01","estonia","unemp_rate",NA
"926","2004-01-01","estonia","unemp_rate",NA
"927","2005-01-01","estonia","unemp_rate",NA
"928","2006-01-01","estonia","unemp_rate",NA
"929","2007-01-01","estonia","unemp_rate",NA
"930","2008-01-01","estonia","unemp_rate",NA
"931","2009-01-01","estonia","unemp_rate",13.5
"932","2010-01-01","estonia","unemp_rate",16.6
"933","2011-01-01","estonia","unemp_rate",12.3
"934","2012-01-01","estonia","unemp_rate",9.9
"935","2013-01-01","estonia","unemp_rate",8.6
"936","2014-01-01","estonia","unemp_rate",7.3
"937","2015-01-01","estonia","unemp_rate",6.4
"938","2016-01-01","estonia","unemp_rate",6.8
"939","2017-01-01","estonia","unemp_rate",5.8
"940","2018-01-01","estonia","unemp_rate",5.4
"941","2019-01-01","estonia","unemp_rate",4.5
"942","2020-01-01","estonia","unemp_rate",6.9
"943","2021-01-01","estonia","unemp_rate",6.2
"944","2022-01-01","estonia","unemp_rate",5.6
"945","2023-01-01","estonia","unemp_rate",6.4
"946","2003-01-01","euro_area_20_countries_from_2023","unemp_rate",NA
"947","2004-01-01","euro_area_20_countries_from_2023","unemp_rate",NA
"948","2005-01-01","euro_area_20_countries_from_2023","unemp_rate",NA
"949","2006-01-01","euro_area_20_countries_from_2023","unemp_rate",NA
"950","2007-01-01","euro_area_20_countries_from_2023","unemp_rate",NA
"951","2008-01-01","euro_area_20_countries_from_2023","unemp_rate",NA
"952","2009-01-01","euro_area_20_countries_from_2023","unemp_rate",9.7
"953","2010-01-01","euro_area_20_countries_from_2023","unemp_rate",10.3
"954","2011-01-01","euro_area_20_countries_from_2023","unemp_rate",10.3
"955","2012-01-01","euro_area_20_countries_from_2023","unemp_rate",11.5
"956","2013-01-01","euro_area_20_countries_from_2023","unemp_rate",12.2
"957","2014-01-01","euro_area_20_countries_from_2023","unemp_rate",11.7
"958","2015-01-01","euro_area_20_countries_from_2023","unemp_rate",11
"959","2016-01-01","euro_area_20_countries_from_2023","unemp_rate",10.1
"960","2017-01-01","euro_area_20_countries_from_2023","unemp_rate",9.1
"961","2018-01-01","euro_area_20_countries_from_2023","unemp_rate",8.2
"962","2019-01-01","euro_area_20_countries_from_2023","unemp_rate",7.6
"963","2020-01-01","euro_area_20_countries_from_2023","unemp_rate",8
"964","2021-01-01","euro_area_20_countries_from_2023","unemp_rate",7.8
"965","2022-01-01","euro_area_20_countries_from_2023","unemp_rate",6.8
"966","2023-01-01","euro_area_20_countries_from_2023","unemp_rate",6.6
"967","2003-01-01","finland","unemp_rate",NA
"968","2004-01-01","finland","unemp_rate",NA
"969","2005-01-01","finland","unemp_rate",NA
"970","2006-01-01","finland","unemp_rate",NA
"971","2007-01-01","finland","unemp_rate",NA
"972","2008-01-01","finland","unemp_rate",NA
"973","2009-01-01","finland","unemp_rate",8.3
"974","2010-01-01","finland","unemp_rate",8.6
"975","2011-01-01","finland","unemp_rate",8
"976","2012-01-01","finland","unemp_rate",7.9
"977","2013-01-01","finland","unemp_rate",8.3
"978","2014-01-01","finland","unemp_rate",8.7
"979","2015-01-01","finland","unemp_rate",9.4
"980","2016-01-01","finland","unemp_rate",8.9
"981","2017-01-01","finland","unemp_rate",8.7
"982","2018-01-01","finland","unemp_rate",7.5
"983","2019-01-01","finland","unemp_rate",6.8
"984","2020-01-01","finland","unemp_rate",7.7
"985","2021-01-01","finland","unemp_rate",7.7
"986","2022-01-01","finland","unemp_rate",6.8
"987","2023-01-01","finland","unemp_rate",7.2
"988","2003-01-01","france","unemp_rate",8.5
"989","2004-01-01","france","unemp_rate",8.9
"990","2005-01-01","france","unemp_rate",8.9
"991","2006-01-01","france","unemp_rate",8.9
"992","2007-01-01","france","unemp_rate",8
"993","2008-01-01","france","unemp_rate",7.4
"994","2009-01-01","france","unemp_rate",9.1
"995","2010-01-01","france","unemp_rate",9.3
"996","2011-01-01","france","unemp_rate",9.2
"997","2012-01-01","france","unemp_rate",9.8
"998","2013-01-01","france","unemp_rate",10.3
"999","2014-01-01","france","unemp_rate",10.3
"1000","2015-01-01","france","unemp_rate",10.3
"1001","2016-01-01","france","unemp_rate",10.1
"1002","2017-01-01","france","unemp_rate",9.4
"1003","2018-01-01","france","unemp_rate",9
"1004","2019-01-01","france","unemp_rate",8.4
"1005","2020-01-01","france","unemp_rate",8
"1006","2021-01-01","france","unemp_rate",7.9
"1007","2022-01-01","france","unemp_rate",7.3
"1008","2023-01-01","france","unemp_rate",7.3
"1009","2003-01-01","germany","unemp_rate",NA
"1010","2004-01-01","germany","unemp_rate",NA
"1011","2005-01-01","germany","unemp_rate",NA
"1012","2006-01-01","germany","unemp_rate",NA
"1013","2007-01-01","germany","unemp_rate",NA
"1014","2008-01-01","germany","unemp_rate",NA
"1015","2009-01-01","germany","unemp_rate",7.3
"1016","2010-01-01","germany","unemp_rate",6.6
"1017","2011-01-01","germany","unemp_rate",5.5
"1018","2012-01-01","germany","unemp_rate",5.1
"1019","2013-01-01","germany","unemp_rate",5
"1020","2014-01-01","germany","unemp_rate",4.7
"1021","2015-01-01","germany","unemp_rate",4.4
"1022","2016-01-01","germany","unemp_rate",3.9
"1023","2017-01-01","germany","unemp_rate",3.6
"1024","2018-01-01","germany","unemp_rate",3.2
"1025","2019-01-01","germany","unemp_rate",3
"1026","2020-01-01","germany","unemp_rate",3.7
"1027","2021-01-01","germany","unemp_rate",3.7
"1028","2022-01-01","germany","unemp_rate",3.2
"1029","2023-01-01","germany","unemp_rate",3.1
"1030","2003-01-01","greece","unemp_rate",NA
"1031","2004-01-01","greece","unemp_rate",NA
"1032","2005-01-01","greece","unemp_rate",NA
"1033","2006-01-01","greece","unemp_rate",NA
"1034","2007-01-01","greece","unemp_rate",NA
"1035","2008-01-01","greece","unemp_rate",NA
"1036","2009-01-01","greece","unemp_rate",9.8
"1037","2010-01-01","greece","unemp_rate",12.9
"1038","2011-01-01","greece","unemp_rate",18.1
"1039","2012-01-01","greece","unemp_rate",24.8
"1040","2013-01-01","greece","unemp_rate",27.8
"1041","2014-01-01","greece","unemp_rate",26.6
"1042","2015-01-01","greece","unemp_rate",25
"1043","2016-01-01","greece","unemp_rate",23.9
"1044","2017-01-01","greece","unemp_rate",21.8
"1045","2018-01-01","greece","unemp_rate",19.7
"1046","2019-01-01","greece","unemp_rate",17.9
"1047","2020-01-01","greece","unemp_rate",17.6
"1048","2021-01-01","greece","unemp_rate",14.7
"1049","2022-01-01","greece","unemp_rate",12.5
"1050","2023-01-01","greece","unemp_rate",11.1
"1051","2003-01-01","hungary","unemp_rate",NA
"1052","2004-01-01","hungary","unemp_rate",NA
"1053","2005-01-01","hungary","unemp_rate",NA
"1054","2006-01-01","hungary","unemp_rate",NA
"1055","2007-01-01","hungary","unemp_rate",NA
"1056","2008-01-01","hungary","unemp_rate",NA
"1057","2009-01-01","hungary","unemp_rate",9.7
"1058","2010-01-01","hungary","unemp_rate",10.8
"1059","2011-01-01","hungary","unemp_rate",10.7
"1060","2012-01-01","hungary","unemp_rate",10.7
"1061","2013-01-01","hungary","unemp_rate",9.8
"1062","2014-01-01","hungary","unemp_rate",7.5
"1063","2015-01-01","hungary","unemp_rate",6.6
"1064","2016-01-01","hungary","unemp_rate",5
"1065","2017-01-01","hungary","unemp_rate",4
"1066","2018-01-01","hungary","unemp_rate",3.6
"1067","2019-01-01","hungary","unemp_rate",3.3
"1068","2020-01-01","hungary","unemp_rate",4.1
"1069","2021-01-01","hungary","unemp_rate",4
"1070","2022-01-01","hungary","unemp_rate",3.6
"1071","2023-01-01","hungary","unemp_rate",4.1
"1072","2003-01-01","iceland","unemp_rate",NA
"1073","2004-01-01","iceland","unemp_rate",NA
"1074","2005-01-01","iceland","unemp_rate",NA
"1075","2006-01-01","iceland","unemp_rate",NA
"1076","2007-01-01","iceland","unemp_rate",NA
"1077","2008-01-01","iceland","unemp_rate",NA
"1078","2009-01-01","iceland","unemp_rate",7.2
"1079","2010-01-01","iceland","unemp_rate",7.6
"1080","2011-01-01","iceland","unemp_rate",7
"1081","2012-01-01","iceland","unemp_rate",6
"1082","2013-01-01","iceland","unemp_rate",5.4
"1083","2014-01-01","iceland","unemp_rate",4.9
"1084","2015-01-01","iceland","unemp_rate",4
"1085","2016-01-01","iceland","unemp_rate",3
"1086","2017-01-01","iceland","unemp_rate",2.7
"1087","2018-01-01","iceland","unemp_rate",2.7
"1088","2019-01-01","iceland","unemp_rate",3.5
"1089","2020-01-01","iceland","unemp_rate",5.5
"1090","2021-01-01","iceland","unemp_rate",6.1
"1091","2022-01-01","iceland","unemp_rate",3.8
"1092","2023-01-01","iceland","unemp_rate",3.5
"1093","2003-01-01","ireland","unemp_rate",NA
"1094","2004-01-01","ireland","unemp_rate",NA
"1095","2005-01-01","ireland","unemp_rate",NA
"1096","2006-01-01","ireland","unemp_rate",NA
"1097","2007-01-01","ireland","unemp_rate",NA
"1098","2008-01-01","ireland","unemp_rate",NA
"1099","2009-01-01","ireland","unemp_rate",12.6
"1100","2010-01-01","ireland","unemp_rate",14.6
"1101","2011-01-01","ireland","unemp_rate",15.4
"1102","2012-01-01","ireland","unemp_rate",15.5
"1103","2013-01-01","ireland","unemp_rate",13.8
"1104","2014-01-01","ireland","unemp_rate",11.9
"1105","2015-01-01","ireland","unemp_rate",9.9
"1106","2016-01-01","ireland","unemp_rate",8.4
"1107","2017-01-01","ireland","unemp_rate",6.7
"1108","2018-01-01","ireland","unemp_rate",5.8
"1109","2019-01-01","ireland","unemp_rate",5
"1110","2020-01-01","ireland","unemp_rate",5.9
"1111","2021-01-01","ireland","unemp_rate",6.2
"1112","2022-01-01","ireland","unemp_rate",4.5
"1113","2023-01-01","ireland","unemp_rate",4.3
"1114","2003-01-01","italy","unemp_rate",NA
"1115","2004-01-01","italy","unemp_rate",NA
"1116","2005-01-01","italy","unemp_rate",NA
"1117","2006-01-01","italy","unemp_rate",NA
"1118","2007-01-01","italy","unemp_rate",NA
"1119","2008-01-01","italy","unemp_rate",NA
"1120","2009-01-01","italy","unemp_rate",7.9
"1121","2010-01-01","italy","unemp_rate",8.5
"1122","2011-01-01","italy","unemp_rate",8.5
"1123","2012-01-01","italy","unemp_rate",10.9
"1124","2013-01-01","italy","unemp_rate",12.4
"1125","2014-01-01","italy","unemp_rate",12.9
"1126","2015-01-01","italy","unemp_rate",12
"1127","2016-01-01","italy","unemp_rate",11.7
"1128","2017-01-01","italy","unemp_rate",11.3
"1129","2018-01-01","italy","unemp_rate",10.6
"1130","2019-01-01","italy","unemp_rate",9.9
"1131","2020-01-01","italy","unemp_rate",9.3
"1132","2021-01-01","italy","unemp_rate",9.5
"1133","2022-01-01","italy","unemp_rate",8.1
"1134","2023-01-01","italy","unemp_rate",7.7
"1135","2003-01-01","latvia","unemp_rate",NA
"1136","2004-01-01","latvia","unemp_rate",NA
"1137","2005-01-01","latvia","unemp_rate",NA
"1138","2006-01-01","latvia","unemp_rate",NA
"1139","2007-01-01","latvia","unemp_rate",NA
"1140","2008-01-01","latvia","unemp_rate",NA
"1141","2009-01-01","latvia","unemp_rate",17.7
"1142","2010-01-01","latvia","unemp_rate",19.7
"1143","2011-01-01","latvia","unemp_rate",16.3
"1144","2012-01-01","latvia","unemp_rate",15.1
"1145","2013-01-01","latvia","unemp_rate",11.9
"1146","2014-01-01","latvia","unemp_rate",10.9
"1147","2015-01-01","latvia","unemp_rate",9.9
"1148","2016-01-01","latvia","unemp_rate",9.7
"1149","2017-01-01","latvia","unemp_rate",8.7
"1150","2018-01-01","latvia","unemp_rate",7.4
"1151","2019-01-01","latvia","unemp_rate",6.3
"1152","2020-01-01","latvia","unemp_rate",8.1
"1153","2021-01-01","latvia","unemp_rate",7.6
"1154","2022-01-01","latvia","unemp_rate",6.9
"1155","2023-01-01","latvia","unemp_rate",6.5
"1156","2003-01-01","lithuania","unemp_rate",NA
"1157","2004-01-01","lithuania","unemp_rate",NA
"1158","2005-01-01","lithuania","unemp_rate",NA
"1159","2006-01-01","lithuania","unemp_rate",NA
"1160","2007-01-01","lithuania","unemp_rate",NA
"1161","2008-01-01","lithuania","unemp_rate",NA
"1162","2009-01-01","lithuania","unemp_rate",13.8
"1163","2010-01-01","lithuania","unemp_rate",17.8
"1164","2011-01-01","lithuania","unemp_rate",15.4
"1165","2012-01-01","lithuania","unemp_rate",13.4
"1166","2013-01-01","lithuania","unemp_rate",11.8
"1167","2014-01-01","lithuania","unemp_rate",10.7
"1168","2015-01-01","lithuania","unemp_rate",9.1
"1169","2016-01-01","lithuania","unemp_rate",7.9
"1170","2017-01-01","lithuania","unemp_rate",7.1
"1171","2018-01-01","lithuania","unemp_rate",6.2
"1172","2019-01-01","lithuania","unemp_rate",6.3
"1173","2020-01-01","lithuania","unemp_rate",8.5
"1174","2021-01-01","lithuania","unemp_rate",7.1
"1175","2022-01-01","lithuania","unemp_rate",6
"1176","2023-01-01","lithuania","unemp_rate",6.9
"1177","2003-01-01","luxembourg","unemp_rate",NA
"1178","2004-01-01","luxembourg","unemp_rate",NA
"1179","2005-01-01","luxembourg","unemp_rate",NA
"1180","2006-01-01","luxembourg","unemp_rate",NA
"1181","2007-01-01","luxembourg","unemp_rate",NA
"1182","2008-01-01","luxembourg","unemp_rate",NA
"1183","2009-01-01","luxembourg","unemp_rate",5.1
"1184","2010-01-01","luxembourg","unemp_rate",4.4
"1185","2011-01-01","luxembourg","unemp_rate",4.9
"1186","2012-01-01","luxembourg","unemp_rate",5.1
"1187","2013-01-01","luxembourg","unemp_rate",5.9
"1188","2014-01-01","luxembourg","unemp_rate",5.9
"1189","2015-01-01","luxembourg","unemp_rate",6.7
"1190","2016-01-01","luxembourg","unemp_rate",6.3
"1191","2017-01-01","luxembourg","unemp_rate",5.5
"1192","2018-01-01","luxembourg","unemp_rate",5.6
"1193","2019-01-01","luxembourg","unemp_rate",5.6
"1194","2020-01-01","luxembourg","unemp_rate",6.8
"1195","2021-01-01","luxembourg","unemp_rate",5.3
"1196","2022-01-01","luxembourg","unemp_rate",4.6
"1197","2023-01-01","luxembourg","unemp_rate",5.2
"1198","2003-01-01","malta","unemp_rate",NA
"1199","2004-01-01","malta","unemp_rate",NA
"1200","2005-01-01","malta","unemp_rate",NA
"1201","2006-01-01","malta","unemp_rate",NA
"1202","2007-01-01","malta","unemp_rate",NA
"1203","2008-01-01","malta","unemp_rate",NA
"1204","2009-01-01","malta","unemp_rate",6.9
"1205","2010-01-01","malta","unemp_rate",6.9
"1206","2011-01-01","malta","unemp_rate",6.4
"1207","2012-01-01","malta","unemp_rate",6.2
"1208","2013-01-01","malta","unemp_rate",6.1
"1209","2014-01-01","malta","unemp_rate",5.7
"1210","2015-01-01","malta","unemp_rate",5.4
"1211","2016-01-01","malta","unemp_rate",4.7
"1212","2017-01-01","malta","unemp_rate",4
"1213","2018-01-01","malta","unemp_rate",4
"1214","2019-01-01","malta","unemp_rate",4.1
"1215","2020-01-01","malta","unemp_rate",4.9
"1216","2021-01-01","malta","unemp_rate",3.8
"1217","2022-01-01","malta","unemp_rate",3.5
"1218","2023-01-01","malta","unemp_rate",3.5
"1219","2003-01-01","montenegro","unemp_rate",NA
"1220","2004-01-01","montenegro","unemp_rate",NA
"1221","2005-01-01","montenegro","unemp_rate",NA
"1222","2006-01-01","montenegro","unemp_rate",NA
"1223","2007-01-01","montenegro","unemp_rate",NA
"1224","2008-01-01","montenegro","unemp_rate",NA
"1225","2009-01-01","montenegro","unemp_rate",NA
"1226","2010-01-01","montenegro","unemp_rate",NA
"1227","2011-01-01","montenegro","unemp_rate",19.7
"1228","2012-01-01","montenegro","unemp_rate",20
"1229","2013-01-01","montenegro","unemp_rate",19.5
"1230","2014-01-01","montenegro","unemp_rate",18
"1231","2015-01-01","montenegro","unemp_rate",17.6
"1232","2016-01-01","montenegro","unemp_rate",17.8
"1233","2017-01-01","montenegro","unemp_rate",16.1
"1234","2018-01-01","montenegro","unemp_rate",15.2
"1235","2019-01-01","montenegro","unemp_rate",15.2
"1236","2020-01-01","montenegro","unemp_rate",17.9
"1237","2021-01-01","montenegro","unemp_rate",NA
"1238","2022-01-01","montenegro","unemp_rate",NA
"1239","2023-01-01","montenegro","unemp_rate",NA
"1240","2003-01-01","netherlands","unemp_rate",NA
"1241","2004-01-01","netherlands","unemp_rate",NA
"1242","2005-01-01","netherlands","unemp_rate",NA
"1243","2006-01-01","netherlands","unemp_rate",NA
"1244","2007-01-01","netherlands","unemp_rate",NA
"1245","2008-01-01","netherlands","unemp_rate",NA
"1246","2009-01-01","netherlands","unemp_rate",5.4
"1247","2010-01-01","netherlands","unemp_rate",6.1
"1248","2011-01-01","netherlands","unemp_rate",6
"1249","2012-01-01","netherlands","unemp_rate",6.8
"1250","2013-01-01","netherlands","unemp_rate",8.2
"1251","2014-01-01","netherlands","unemp_rate",8.4
"1252","2015-01-01","netherlands","unemp_rate",7.9
"1253","2016-01-01","netherlands","unemp_rate",7
"1254","2017-01-01","netherlands","unemp_rate",5.9
"1255","2018-01-01","netherlands","unemp_rate",4.9
"1256","2019-01-01","netherlands","unemp_rate",4.4
"1257","2020-01-01","netherlands","unemp_rate",4.9
"1258","2021-01-01","netherlands","unemp_rate",4.2
"1259","2022-01-01","netherlands","unemp_rate",3.5
"1260","2023-01-01","netherlands","unemp_rate",3.6
"1261","2003-01-01","north_macedonia","unemp_rate",NA
"1262","2004-01-01","north_macedonia","unemp_rate",NA
"1263","2005-01-01","north_macedonia","unemp_rate",NA
"1264","2006-01-01","north_macedonia","unemp_rate",NA
"1265","2007-01-01","north_macedonia","unemp_rate",NA
"1266","2008-01-01","north_macedonia","unemp_rate",NA
"1267","2009-01-01","north_macedonia","unemp_rate",32.2
"1268","2010-01-01","north_macedonia","unemp_rate",32
"1269","2011-01-01","north_macedonia","unemp_rate",31.4
"1270","2012-01-01","north_macedonia","unemp_rate",31
"1271","2013-01-01","north_macedonia","unemp_rate",29
"1272","2014-01-01","north_macedonia","unemp_rate",28
"1273","2015-01-01","north_macedonia","unemp_rate",26.1
"1274","2016-01-01","north_macedonia","unemp_rate",23.7
"1275","2017-01-01","north_macedonia","unemp_rate",22.4
"1276","2018-01-01","north_macedonia","unemp_rate",20.8
"1277","2019-01-01","north_macedonia","unemp_rate",17.3
"1278","2020-01-01","north_macedonia","unemp_rate",16.4
"1279","2021-01-01","north_macedonia","unemp_rate",NA
"1280","2022-01-01","north_macedonia","unemp_rate",NA
"1281","2023-01-01","north_macedonia","unemp_rate",NA
"1282","2003-01-01","norway","unemp_rate",NA
"1283","2004-01-01","norway","unemp_rate",NA
"1284","2005-01-01","norway","unemp_rate",NA
"1285","2006-01-01","norway","unemp_rate",NA
"1286","2007-01-01","norway","unemp_rate",NA
"1287","2008-01-01","norway","unemp_rate",NA
"1288","2009-01-01","norway","unemp_rate",3.4
"1289","2010-01-01","norway","unemp_rate",4
"1290","2011-01-01","norway","unemp_rate",3.6
"1291","2012-01-01","norway","unemp_rate",3.5
"1292","2013-01-01","norway","unemp_rate",3.9
"1293","2014-01-01","norway","unemp_rate",3.8
"1294","2015-01-01","norway","unemp_rate",4.7
"1295","2016-01-01","norway","unemp_rate",4.9
"1296","2017-01-01","norway","unemp_rate",4.4
"1297","2018-01-01","norway","unemp_rate",4
"1298","2019-01-01","norway","unemp_rate",3.9
"1299","2020-01-01","norway","unemp_rate",4.7
"1300","2021-01-01","norway","unemp_rate",4.4
"1301","2022-01-01","norway","unemp_rate",3.2
"1302","2023-01-01","norway","unemp_rate",3.6
"1303","2003-01-01","poland","unemp_rate",NA
"1304","2004-01-01","poland","unemp_rate",NA
"1305","2005-01-01","poland","unemp_rate",NA
"1306","2006-01-01","poland","unemp_rate",NA
"1307","2007-01-01","poland","unemp_rate",NA
"1308","2008-01-01","poland","unemp_rate",NA
"1309","2009-01-01","poland","unemp_rate",8.5
"1310","2010-01-01","poland","unemp_rate",10
"1311","2011-01-01","poland","unemp_rate",10
"1312","2012-01-01","poland","unemp_rate",10.4
"1313","2013-01-01","poland","unemp_rate",10.6
"1314","2014-01-01","poland","unemp_rate",9.2
"1315","2015-01-01","poland","unemp_rate",7.7
"1316","2016-01-01","poland","unemp_rate",6.3
"1317","2017-01-01","poland","unemp_rate",5
"1318","2018-01-01","poland","unemp_rate",3.9
"1319","2019-01-01","poland","unemp_rate",3.3
"1320","2020-01-01","poland","unemp_rate",3.2
"1321","2021-01-01","poland","unemp_rate",3.4
"1322","2022-01-01","poland","unemp_rate",2.9
"1323","2023-01-01","poland","unemp_rate",2.8
"1324","2003-01-01","portugal","unemp_rate",NA
"1325","2004-01-01","portugal","unemp_rate",NA
"1326","2005-01-01","portugal","unemp_rate",NA
"1327","2006-01-01","portugal","unemp_rate",NA
"1328","2007-01-01","portugal","unemp_rate",NA
"1329","2008-01-01","portugal","unemp_rate",NA
"1330","2009-01-01","portugal","unemp_rate",11.2
"1331","2010-01-01","portugal","unemp_rate",12.6
"1332","2011-01-01","portugal","unemp_rate",13.5
"1333","2012-01-01","portugal","unemp_rate",16.6
"1334","2013-01-01","portugal","unemp_rate",17.2
"1335","2014-01-01","portugal","unemp_rate",14.6
"1336","2015-01-01","portugal","unemp_rate",13
"1337","2016-01-01","portugal","unemp_rate",11.5
"1338","2017-01-01","portugal","unemp_rate",9.2
"1339","2018-01-01","portugal","unemp_rate",7.2
"1340","2019-01-01","portugal","unemp_rate",6.6
"1341","2020-01-01","portugal","unemp_rate",7.1
"1342","2021-01-01","portugal","unemp_rate",6.7
"1343","2022-01-01","portugal","unemp_rate",6.2
"1344","2023-01-01","portugal","unemp_rate",6.5
"1345","2003-01-01","romania","unemp_rate",NA
"1346","2004-01-01","romania","unemp_rate",NA
"1347","2005-01-01","romania","unemp_rate",NA
"1348","2006-01-01","romania","unemp_rate",NA
"1349","2007-01-01","romania","unemp_rate",NA
"1350","2008-01-01","romania","unemp_rate",NA
"1351","2009-01-01","romania","unemp_rate",8.4
"1352","2010-01-01","romania","unemp_rate",9
"1353","2011-01-01","romania","unemp_rate",9.1
"1354","2012-01-01","romania","unemp_rate",8.7
"1355","2013-01-01","romania","unemp_rate",9
"1356","2014-01-01","romania","unemp_rate",8.6
"1357","2015-01-01","romania","unemp_rate",8.4
"1358","2016-01-01","romania","unemp_rate",7.2
"1359","2017-01-01","romania","unemp_rate",6.1
"1360","2018-01-01","romania","unemp_rate",5.3
"1361","2019-01-01","romania","unemp_rate",4.9
"1362","2020-01-01","romania","unemp_rate",6.1
"1363","2021-01-01","romania","unemp_rate",5.6
"1364","2022-01-01","romania","unemp_rate",5.6
"1365","2023-01-01","romania","unemp_rate",5.6
"1366","2003-01-01","serbia","unemp_rate",NA
"1367","2004-01-01","serbia","unemp_rate",NA
"1368","2005-01-01","serbia","unemp_rate",NA
"1369","2006-01-01","serbia","unemp_rate",NA
"1370","2007-01-01","serbia","unemp_rate",NA
"1371","2008-01-01","serbia","unemp_rate",NA
"1372","2009-01-01","serbia","unemp_rate",NA
"1373","2010-01-01","serbia","unemp_rate",21.1
"1374","2011-01-01","serbia","unemp_rate",25
"1375","2012-01-01","serbia","unemp_rate",26
"1376","2013-01-01","serbia","unemp_rate",24.2
"1377","2014-01-01","serbia","unemp_rate",20.7
"1378","2015-01-01","serbia","unemp_rate",19
"1379","2016-01-01","serbia","unemp_rate",16.5
"1380","2017-01-01","serbia","unemp_rate",14.6
"1381","2018-01-01","serbia","unemp_rate",13.8
"1382","2019-01-01","serbia","unemp_rate",11.3
"1383","2020-01-01","serbia","unemp_rate",9.8
"1384","2021-01-01","serbia","unemp_rate",11.2
"1385","2022-01-01","serbia","unemp_rate",9.6
"1386","2023-01-01","serbia","unemp_rate",9.5
"1387","2003-01-01","slovakia","unemp_rate",NA
"1388","2004-01-01","slovakia","unemp_rate",NA
"1389","2005-01-01","slovakia","unemp_rate",NA
"1390","2006-01-01","slovakia","unemp_rate",NA
"1391","2007-01-01","slovakia","unemp_rate",NA
"1392","2008-01-01","slovakia","unemp_rate",NA
"1393","2009-01-01","slovakia","unemp_rate",12
"1394","2010-01-01","slovakia","unemp_rate",14.3
"1395","2011-01-01","slovakia","unemp_rate",13.5
"1396","2012-01-01","slovakia","unemp_rate",13.9
"1397","2013-01-01","slovakia","unemp_rate",14.1
"1398","2014-01-01","slovakia","unemp_rate",13.1
"1399","2015-01-01","slovakia","unemp_rate",11.5
"1400","2016-01-01","slovakia","unemp_rate",9.6
"1401","2017-01-01","slovakia","unemp_rate",8.1
"1402","2018-01-01","slovakia","unemp_rate",6.5
"1403","2019-01-01","slovakia","unemp_rate",5.7
"1404","2020-01-01","slovakia","unemp_rate",6.7
"1405","2021-01-01","slovakia","unemp_rate",6.8
"1406","2022-01-01","slovakia","unemp_rate",6.1
"1407","2023-01-01","slovakia","unemp_rate",5.8
"1408","2003-01-01","slovenia","unemp_rate",NA
"1409","2004-01-01","slovenia","unemp_rate",NA
"1410","2005-01-01","slovenia","unemp_rate",NA
"1411","2006-01-01","slovenia","unemp_rate",NA
"1412","2007-01-01","slovenia","unemp_rate",NA
"1413","2008-01-01","slovenia","unemp_rate",NA
"1414","2009-01-01","slovenia","unemp_rate",5.9
"1415","2010-01-01","slovenia","unemp_rate",7.3
"1416","2011-01-01","slovenia","unemp_rate",8.2
"1417","2012-01-01","slovenia","unemp_rate",8.9
"1418","2013-01-01","slovenia","unemp_rate",10.1
"1419","2014-01-01","slovenia","unemp_rate",9.7
"1420","2015-01-01","slovenia","unemp_rate",9
"1421","2016-01-01","slovenia","unemp_rate",8
"1422","2017-01-01","slovenia","unemp_rate",6.6
"1423","2018-01-01","slovenia","unemp_rate",5.1
"1424","2019-01-01","slovenia","unemp_rate",4.4
"1425","2020-01-01","slovenia","unemp_rate",5
"1426","2021-01-01","slovenia","unemp_rate",4.8
"1427","2022-01-01","slovenia","unemp_rate",4
"1428","2023-01-01","slovenia","unemp_rate",3.7
"1429","2003-01-01","spain","unemp_rate",NA
"1430","2004-01-01","spain","unemp_rate",NA
"1431","2005-01-01","spain","unemp_rate",NA
"1432","2006-01-01","spain","unemp_rate",NA
"1433","2007-01-01","spain","unemp_rate",NA
"1434","2008-01-01","spain","unemp_rate",NA
"1435","2009-01-01","spain","unemp_rate",17.9
"1436","2010-01-01","spain","unemp_rate",19.9
"1437","2011-01-01","spain","unemp_rate",21.4
"1438","2012-01-01","spain","unemp_rate",24.8
"1439","2013-01-01","spain","unemp_rate",26.1
"1440","2014-01-01","spain","unemp_rate",24.5
"1441","2015-01-01","spain","unemp_rate",22.1
"1442","2016-01-01","spain","unemp_rate",19.6
"1443","2017-01-01","spain","unemp_rate",17.2
"1444","2018-01-01","spain","unemp_rate",15.3
"1445","2019-01-01","spain","unemp_rate",14.1
"1446","2020-01-01","spain","unemp_rate",15.5
"1447","2021-01-01","spain","unemp_rate",14.9
"1448","2022-01-01","spain","unemp_rate",13
"1449","2023-01-01","spain","unemp_rate",12.2
"1450","2003-01-01","sweden","unemp_rate",NA
"1451","2004-01-01","sweden","unemp_rate",NA
"1452","2005-01-01","sweden","unemp_rate",7.9
"1453","2006-01-01","sweden","unemp_rate",7.2
"1454","2007-01-01","sweden","unemp_rate",6.3
"1455","2008-01-01","sweden","unemp_rate",6.3
"1456","2009-01-01","sweden","unemp_rate",8.5
"1457","2010-01-01","sweden","unemp_rate",8.7
"1458","2011-01-01","sweden","unemp_rate",7.9
"1459","2012-01-01","sweden","unemp_rate",8.1
"1460","2013-01-01","sweden","unemp_rate",8.1
"1461","2014-01-01","sweden","unemp_rate",8
"1462","2015-01-01","sweden","unemp_rate",7.5
"1463","2016-01-01","sweden","unemp_rate",7.1
"1464","2017-01-01","sweden","unemp_rate",6.8
"1465","2018-01-01","sweden","unemp_rate",6.5
"1466","2019-01-01","sweden","unemp_rate",6.9
"1467","2020-01-01","sweden","unemp_rate",8.5
"1468","2021-01-01","sweden","unemp_rate",8.9
"1469","2022-01-01","sweden","unemp_rate",7.5
"1470","2023-01-01","sweden","unemp_rate",7.7
"1471","2003-01-01","switzerland","unemp_rate",NA
"1472","2004-01-01","switzerland","unemp_rate",NA
"1473","2005-01-01","switzerland","unemp_rate",NA
"1474","2006-01-01","switzerland","unemp_rate",NA
"1475","2007-01-01","switzerland","unemp_rate",NA
"1476","2008-01-01","switzerland","unemp_rate",NA
"1477","2009-01-01","switzerland","unemp_rate",NA
"1478","2010-01-01","switzerland","unemp_rate",4.8
"1479","2011-01-01","switzerland","unemp_rate",4.4
"1480","2012-01-01","switzerland","unemp_rate",4.5
"1481","2013-01-01","switzerland","unemp_rate",4.8
"1482","2014-01-01","switzerland","unemp_rate",4.9
"1483","2015-01-01","switzerland","unemp_rate",4.8
"1484","2016-01-01","switzerland","unemp_rate",5
"1485","2017-01-01","switzerland","unemp_rate",4.8
"1486","2018-01-01","switzerland","unemp_rate",4.7
"1487","2019-01-01","switzerland","unemp_rate",4.4
"1488","2020-01-01","switzerland","unemp_rate",4.8
"1489","2021-01-01","switzerland","unemp_rate",5.1
"1490","2022-01-01","switzerland","unemp_rate",4.1
"1491","2023-01-01","switzerland","unemp_rate",4.1
"1492","2003-01-01","turkiye","unemp_rate",NA
"1493","2004-01-01","turkiye","unemp_rate",NA
"1494","2005-01-01","turkiye","unemp_rate",NA
"1495","2006-01-01","turkiye","unemp_rate",NA
"1496","2007-01-01","turkiye","unemp_rate",NA
"1497","2008-01-01","turkiye","unemp_rate",NA
"1498","2009-01-01","turkiye","unemp_rate",12.6
"1499","2010-01-01","turkiye","unemp_rate",10.7
"1500","2011-01-01","turkiye","unemp_rate",8.8
"1501","2012-01-01","turkiye","unemp_rate",8.2
"1502","2013-01-01","turkiye","unemp_rate",8.8
"1503","2014-01-01","turkiye","unemp_rate",9.9
"1504","2015-01-01","turkiye","unemp_rate",10.3
"1505","2016-01-01","turkiye","unemp_rate",10.9
"1506","2017-01-01","turkiye","unemp_rate",10.9
"1507","2018-01-01","turkiye","unemp_rate",10.9
"1508","2019-01-01","turkiye","unemp_rate",13.7
"1509","2020-01-01","turkiye","unemp_rate",13.2
"1510","2021-01-01","turkiye","unemp_rate",12
"1511","2022-01-01","turkiye","unemp_rate",10.5
"1512","2023-01-01","turkiye","unemp_rate",9.4
